"","comid","gnis_name","lengthkm","totdasqkm","slope","maxelevsmo","minelevsmo","burned","poly_IncidentName","geom","elevws","hydrlcondws","pctbl2019ws","pctconif2019ws","pctdecid2019ws","pctmxfst2019ws","pctshrb2019ws","pcteolfinews","pctcolluvsedws","pcteolcrsws","pctextruvolws","bankfullwidth","bankfulldepth","ACC_BFI","ACC_CONTACT","ACC_EWT","ACC_TWI","ACC_WB5100_ANN","ACC_TAV7100_ANN","ACC_CNPY11_BUFF100","ACC_OM","ACC_CLAYAVE","ACC_SANDAVE","ACC_SILTAVE","ACC_ROCKDEP","ACC_WTDEP","ACC_BASIN_SLOPE","ACC_STREAM_SLOPE"
"1",23810114,"Gingham Creek",2.717,1.8225,0.22429684,117666,60089,FALSE,"Austin",c(-122.127601824583, -122.130249891508, -122.132019891721, -122.134796892113, -122.135894892184, -122.136604892126, -122.137931892135, -122.139701892261, -122.141029892272, -122.143737892556, -122.14502789274, -122.14628689296, -122.148483893385, -122.151802894054, -122.152900894235, -122.153450894298, -122.154800894417, -122.15763902822, -122.1588670284, 45.0677392904895, 45.0669652901768, 45.0666482899799, 45.066442289688, 45.0659392895475, 45.0650962894258, 45.0641082892334, 45.0633562890105, 
45.0623762888184, 45.0616852885047, 45.0615982883696, 45.0617122882497, 45.0621242880533, 45.0628792877642, 45.0629252876563, 45.0628112875942, 45.0623532874311, 45.0624902871537, 45.0624292870264),1013.4303,0.2543,0,97.19,0,0,2.52,0,0,0,0,3.85,0.79,66,7.73,-30.23,8.34,1446.43,7.32,78.59,3.61,16.9,31.19,51.91,44.33,5.95,41,0.080882
"2",23810162,"23810162",2.151,2.538,0.25420289,107939,57073,TRUE,"Austin",c(-121.963149594306, -121.962149593899, -121.961508593678, -121.961119593481, -121.960570593121, -121.960371592911, -121.960280592487, -121.960410592396, -121.96031059208, -121.961180591676, -121.962340591399, -121.963049591409, -121.964659591516, -121.965209591506, -121.965598591375, -121.966139591264, 45.0451641056709, 45.0439091056958, 45.043310105724, 45.0426311057222, 45.0412582390278, 45.040365238994, 45.0383132388792, 45.0377562388327, 45.036253238752, 45.0335482385013, 45.0312483049128, 45.030740304811, 
45.0300083046051, 45.0295274378541, 45.0285664377571, 45.0275824376434),1046.3659,0.3142,0,98.48,0,0,1.35,0,0,0,71.1,5.81,0.77,75.22,16,-114.66,7.72,1321.91,7.73,74.86,3.69,15.65,33.06,51.29,41.91,5.94,28.4,0.116279
"3",23810164,"23810164",1.743,1.7082,0.27253609,99442,56027,TRUE,"Austin",c(-121.985144996662, -121.984557863131, -121.983916862981, -121.981879862292, -121.981047861905, -121.980879861788, -121.980200861508, -121.979491861178, -121.978751794207, -121.976653793509, -121.976042793251, -121.975493792992, -121.9740437924, -121.973784792235, 45.0396716364639, 45.0391446364911, 45.0388965032072, 45.0370505033007, 45.0357645033066, 45.0353105032961, 45.034441503312, 45.0333465033171, 45.0324045033346, 45.030557503434, 45.0297495034466, 45.0288835034495, 45.0270595034851, 45.0264345034733
),975.2962,0.171,0,95.52,0,0,4.21,0,0,0,6.9,NA,NA,73.45,16,-207.95,7.93,1332.4,8.44,82.42,3.69,15.7,32.98,51.32,42.01,5.94,42.1,0.155172
"4",23810166,"Jack Davis Creek",2.296,2.6109,0.21330382,91094,45319,FALSE,"Austin",c(-122.094589476095, -122.093879476022, -122.090911475659, -122.090400475625, -122.088043475603, -122.086494475443, -122.085762475457, -122.085014475403, -122.084083475299, -122.082634475191, -122.081214475051, -122.080535475059, -122.080276475092, -122.078666474963, -122.077346474904, -122.075088407997, -122.074409407882, -122.073608407726, -122.072670407478, -122.069770406822, 45.0177708908215, 45.017957890904, 45.0184658912326, 45.0186948912977, 45.0204298249716, 45.020841825152, 45.021482825264, 
45.021799825358, 45.0220098254642, 45.0226008256451, 45.0230128258126, 45.023584825915, 45.023950825963, 45.0245688261617, 45.0253048263385, 45.0258698265992, 45.0258278266649, 45.025671826736, 45.0251678268, 45.0241528270304),789.8587,0.0466,0,98.14,0,0.72,1.14,0,96.86,0,0,4.62,0.77,67.35,10.28,-44.46,12.45,1356.35,9.16,77.44,3.35,20.78,25.38,53.84,51.88,6,32.91,0.091304
"5",23810170,"Switch Creek",1.997,2.8395,0.22013535,90924,50265,TRUE,"Austin",c(-122.002731198894, -122.003410198813, -122.005538198832, -122.007606198827, -122.009124198654, -122.009674198522, -122.010643198532, -122.010864198513, -122.011024198441, -122.011543198435, -122.012123198491, -122.012870198522, -122.013671198404, -122.013801198297, -122.013999198252, -122.014801198207, -122.016128198082, -122.016159198047, 45.0370358345385, 45.0360969010805, 45.0345219007721, 45.0328739004652, 45.0308179001889, 45.0297229000678, 45.0290128999276, 45.0287428998894, 45.0282578998441, 
45.0278228997657, 45.0276478996969, 45.0272128995958, 45.0259960327754, 45.0253590327241, 45.024974032681, 45.0241230325493, 45.0224520323154, 45.0222540323004),985.1019,0.2054,0,97.94,0,0,0.86,0,0,0,17.5,4.93,0.8,73.6,13.49,-50.51,8.21,1307.04,8.86,77.94,3.71,15.48,33.31,51.21,41.59,5.94,31.1,0.11
"6",23810176,"23810176",1.612,1.1655,0.27806429,93110,52457,TRUE,"Austin",c(-121.993774063362, -121.992973062866, -121.992935062705, -121.993064062639, -121.993934062464, -121.994163062285, -121.994514062172, -121.994575062099, -121.994415062016, -121.992896994805, -121.992964994614, -121.99370506115, -121.993606060998, -121.993086994094, -121.993086994062, -121.992697993866, -121.992407993778, 45.033060835199, 45.0312068351678, 45.0304318351248, 45.0300008350859, 45.0284408349046, 45.0273649014835, 45.0265219013975, 45.0261069013663, 45.0258199013651, 45.0242829014248, 
45.0232759013573, 45.0220399012085, 45.0213569011774, 45.0205749011824, 45.0204149011725, 45.0197359011708, 45.0195259011872),815.6224,0.164,0,96.45,0,0,3.47,0,0,0,0,NA,NA,72.96,15.72,-110.11,7.79,1338.69,8.1,69.37,3.48,18.86,28.25,52.89,48.15,5.98,44.59,0.173913
"7",23810208,"Wolf Creek",1.47,2.2788,0.0932803,76848,64535,TRUE,"Austin",c(-121.882055173396, -121.882535173609, -121.882795173686, -121.884405240751, -121.887014241453, -121.888624375105, -121.888982375147, -121.892202375847, -121.893392376151, -121.894231442988, -121.896909443423, -121.898099443641, -121.898290443658, 45.0042731113346, 45.0049641113285, 45.0051472446469, 45.0058712445295, 45.0073362443568, 45.007661244215, 45.0075922441749, 45.0085573105773, 45.0091443104937, 45.0093353104211, 45.00940444349, 45.0095604433801, 45.009492443357),853.7423,0.176,0,96.92,0,0,0.04,0,0,0,1.94,NA,NA,75.68,37.23,-35.31,13.09,1073.95,7.22,80.58,3.55,17.79,29.86,52.35,46.07,5.96,26.23,0.061224
"8",23810240,"Bonner Creek",1.558,1.6911,0.16636363,90048,66624,FALSE,"Austin",c(-121.862866366192, -121.864186433066, -121.866825433319, -121.867367433385, -121.873623567863, -121.876240634959, -121.877781635228, -121.878819635388, -121.879589635477, -121.88145963563, -121.881970635693, 44.9832618453137, 44.9832578451811, 44.9824379115337, 44.9823419114735, 44.9831430442289, 44.9832310439721, 44.9833651104927, 44.9833491103876, 44.9831851103005, 44.9824721100699, 44.9823881100135),895.2784,0.1327,0,97.39,0,0,1.7,0,0,0,0,3.8,0.73,74.92,42,-93.38,11.07,1042,7.39,76.12,3.68,15.93,32.64,51.43,42.45,5.94,18.21,0.108974
"9",23810246,"23810246",3.496,2.2743,0.19328251,119652,54999,FALSE,"Austin",c(-122.009299587569, -122.00958958757, -122.009978587494, -122.010687587488, -122.011427587548, -122.014037587972, -122.014685588109, -122.015776588377, -122.016966588617, -122.018286588838, -122.020415655775, -122.021643655922, -122.025374656393, -122.025603656401, -122.025893589721, -122.026083589665, -122.026412589438, -122.026541589304, -122.026602589204, -122.026671589165, -122.027022589151, -122.029212589367, -122.030951589594, -122.03285158981, -122.033240589831, -122.033850589817, -122.036330456471, 
-122.03671945645, -122.037039456388, -122.037169456376, -122.037718456444, -122.038527456593, -122.040579456997, -122.041647457173, -122.044089457532, 44.9750702301448, 44.9748482301022, 44.9741582300217, 44.9735712299152, 44.9732882298239, 44.973365229567, 44.9735402295126, 44.9740282294326, 44.9742992293296, 44.9743722292018, 44.974051228969, 44.9738262288324, 44.9732542284238, 44.9731132283924, 44.9728192283456, 44.9723882283007, 44.9709882281832, 44.9702140947902, 44.9696640947509, 44.9694130947289, 
44.9690650946727, 44.9684250944147, 44.9681990942267, 44.9677910940117, 44.9675890939606, 44.9670360938661, 44.9650220934961, 44.9646100934322, 44.9640450933661, 44.9638850933436, 44.9637900932828, 44.9639040932084, 44.964320093028, 44.9643660929237, 44.9642470926719),886.366,0.1152,0,97.9,0,0,1.9,0,82.11,0,0,4.66,0.81,70.96,22.75,-49.4,9.12,1415.19,8.33,76.31,3.57,17.49,30.31,52.21,45.48,5.96,34.76,0.054286
"10",23810268,"23810268",2.136,1.386,0.0185146,70204,66527,FALSE,"Austin",c(-121.8901713666, -121.890141366682, -121.889981366739, -121.889752366917, -121.889851434043, -121.889332434399, -121.888264567868, -121.887654567885, -121.887234568009, -121.886265568021, -121.885716568061, -121.88542656817, -121.885426635074, -121.885556635222, -121.885517635347, -121.885037635421, -121.884106635517, -121.884106635724, -121.8844577693, 44.9636882413886, 44.964123241418, 44.9645352414592, 44.9656152415476, 44.9678472416735, 44.9700482418594, 44.9715772420592, 44.9721462421549, 
44.9731032422551, 44.9739312424025, 44.9745682424963, 44.9753462425727, 44.9765362426449, 44.9771772426709, 44.9778412427152, 44.978593242809, 44.9798092429762, 44.9808512430394, 44.9817932430617),709.379,75.024,0,92.27,0,0,0.39,0,0,0,0,3.71,0.76,73.77,36.99,-26.28,18.74,1128.92,7.2,74.91,3.32,21.25,24.68,54.07,52.78,6,9.42,0.009346
"11",23810274,"23810274",1.885,1.9548,0.10545244,76967,58671,FALSE,"Austin",c(-122.053984189056, -122.053626255826, -122.053595255917, -122.053214256048, -122.052985256157, -122.052985256507, -122.05253525656, -122.052306256559, -122.052145256565, -122.05169538991, -122.050505389901, -122.050215389934, -122.050185390006, -122.049826390117, -122.049216390204, -122.048087390242, -122.047896390288, -122.047606390316, -122.046545457035, -122.04560745706, -122.04383745707, 44.9473520239955, 44.9481530240797, 44.9486380241118, 44.9495990242081, 44.9503240242745, 44.952090024381, 
44.9527080244634, 44.9528830244969, 44.9530440245228, 44.9534560245926, 44.9543440247654, 44.9547410248185, 44.9551260248446, 44.9559700249314, 44.9568850250477, 44.9579650918926, 44.9583500919349, 44.958716091986, 44.9598150921586, 44.9606810923048, 44.962123092569),792.685,0.2579,0,99.17,0,0,0.83,0,82.87,0,0,4.46,0.74,68.65,8,-105.33,13.67,1827,8.53,79.44,3.32,21.25,24.68,54.07,52.78,6,22.92,0.058201
"12",23810294,"Wall Creek",1.76,1.2645,0.08529192,83705,69973,FALSE,"Austin",c(-121.879886628045, -121.879985761544, -121.879886761714, -121.878719828939, -121.878719829195, -121.879070829494, -121.879779963203, -121.880329963386, -121.881069963542, -121.882740030512, -121.886059030948, -121.88824903129, 44.9455310413127, 44.9462900413491, 44.9472240414157, 44.9509660417605, 44.9522520418388, 44.9534800418784, 44.9548120418886, 44.955296041863, 44.9554981084679, 44.9557041083134, 44.9552691079547, 44.9552542410679),836.3305,0.1068,0,95.44,0,0,1.85,0,0,0,6.83,3.7,0.75,73.16,23,-39.94,18.95,1398,7.11,76.36,3.32,21.25,24.68,54.07,52.78,6,16.99,0.051136
"13",23810552,"Pan Creek",2.33,1.9953,0.17212385,101171,63648,TRUE,"Austin",c(-121.879941243203, -121.880872243371, -121.881711243485, -121.885358377206, -121.886449377365, -121.886999377475, -121.888097377651, -121.88896737777, -121.890546377956, -121.8914544447, -121.892126444721, -121.893354444804, -121.89493344482, -121.895322444805, -121.895544444749, -121.897420444748, -121.898092444785, -121.898771444778, -121.899541578049, -121.900320578003, -121.900640577962, -121.90131957781, -121.901937577743, 45.0216990459377, 45.0218050458508, 45.0217180457613, 45.0207791120052, 
45.0207181118921, 45.0208331118438, 45.0208521117348, 45.0207602449754, 45.0204442447978, 45.020119244687, 45.0196922445936, 45.019139244437, 45.0179753108746, 45.0175903108123, 45.0171323107622, 45.015648310484, 45.0153054437292, 45.0147334436263, 45.0138144434936, 45.0129674433641, 45.0125094433041, 45.0112124431574, 45.0103885097122),917.1466,0.2353,0,96.08,0,0,0.95,0,0,0,21.34,4.61,0.77,75.72,29,-34.2,10.36,1129,7.2,77.97,3.57,17.49,30.3,52.21,45.49,5.96,23.27,0.072961
"14",23810598,"23810598",2.317,1.2402,0.16493308,105788,70047,FALSE,"Austin",c(-122.072592056666, -122.072112190056, -122.071753190119, -122.071463190247, -122.071173190278, -122.070693190267, -122.070433190335, -122.069403190327, -122.06889219038, -122.068182190474, -122.067763190484, -122.067664190504, -122.067572190545, -122.067313257231, -122.06702325724, -122.066893257266, -122.066664257339, -122.066603257388, -122.066374257452, -122.066054257478, -122.064864257483, -122.063994257534, -122.063612257615, -122.063384257688, -122.063284391111, -122.063223391323, -122.062674391568, 
-122.062674391837, -122.062773391935, -122.06296439201, -122.06354445894, -122.063803459008, 44.9374488882017, 44.9381128882897, 44.9387118883618, 44.9395848884433, 44.939971021829, 44.9402910218963, 44.9408370219553, 44.9416110221051, 44.9422820221966, 44.9433120223299, 44.9436940223949, 44.9438730224156, 44.9441520224416, 44.9444490224853, 44.9447240225311, 44.944957022558, 44.9455060226141, 44.9458000226379, 44.946303022691, 44.9466880227464, 44.9476500229235, 44.9485880230671, 44.9492980231482, 
44.949843023204, 44.9503730232458, 44.9514910233194, 44.9531580234748, 44.9545090235562, 44.9549240235713, 44.9551530235659, 44.9560190235599, 44.9561560235422),957.728,0.2579,0,99.78,0,0,0.22,0,63.35,0,0,3.57,0.76,67.42,8,-21.1,11.03,1827,8.47,74.31,3.5,18.48,28.82,52.7,47.41,5.97,25.25,0.068966
"15",23810602,"Paste Creek",3.566,2.8521,0.13615046,97082,50573,FALSE,"Austin",c(-122.0214379924, -122.022208992493, -122.023146992544, -122.02391799255, -122.02423799256, -122.024626992613, -122.026785992987, -122.027815993153, -122.028326993209, -122.029555993317, -122.030295993414, -122.031294993626, -122.032584993918, -122.032843994, -122.035353994584, -122.036223994752, -122.037933061687, -122.038284061723, -122.038444061727, -122.03880299492, -122.039153994925, -122.041022995153, -122.042151995326, -122.042830995413, -122.043501995378, -122.044440995434, -122.047438995763, 
-122.048338995835, -122.048949995839, -122.049208995835, -122.049948995795, -122.050368995801, -122.052008995941, -122.055396996312, -122.056197996422, -122.056914996535, -122.057166996547, -122.058485863092, -122.059355863115, 44.9897832298151, 44.9896462297295, 44.9891612296062, 44.9885892294945, 44.9883872294502, 44.9883452294087, 44.9885242292029, 44.9885512291012, 44.9884292290426, 44.9880022288935, 44.9879062288136, 44.9881852287301, 44.9886392286282, 44.9888482286148, 44.9898062284207, 44.9899662283431, 
44.9899702281718, 44.9898752281309, 44.9897682281084, 44.988780228013, 44.9885322279629, 44.9882042277556, 44.9881882276414, 44.9880932275676, 44.9873872274578, 44.9869302273362, 44.9862240936596, 44.9858810935487, 44.9854190934596, 44.9851940934201, 44.9844160932991, 44.9841140932387, 44.983527093039, 44.982726092651, 44.9826500925661, 44.9826570924946, 44.9825160924607, 44.9808680922294, 44.980300092108),804.5646,0.0755,0,98.3,0,0,1.61,0,89.24,0,0,4.73,0.79,69.69,12.45,-47.96,9.91,1336.95,8.62,82.25,3.49,18.74,28.43,52.83,47.92,5.97,27.6,0.039216
"16",23810604,"Peat Creek",2.275,1.6839,0.22744,117049,68718,FALSE,"Austin",c(-122.012999789615, -122.014647789824, -122.015448789876, -122.016158789892, -122.016287789886, -122.017256789942, -122.017706789925, -122.018187789896, -122.019865656552, -122.020545656596, -122.02189565677, -122.022795656848, -122.023314656875, -122.02411565686, -122.024374656872, -122.024695656868, -122.025893656966, -122.026953657091, -122.028563657324, -122.028983657373, -122.029433657388, -122.030081657448, -122.030623657484, -122.031691657592, -122.033202657674, -122.034590657696, -122.035201657659, 
-122.035719657599, 44.9824402302186, 44.9821922300383, 44.9818222299358, 44.9813412298355, 44.9812082298145, 44.9807272296883, 44.980292229617, 44.979766229537, 44.9783922292859, 44.9780762291987, 44.9778892290521, 44.9775722289427, 44.9772982288743, 44.9765922287515, 44.9764512287169, 44.9761762286682, 44.975726228521, 44.9755202284022, 44.9754242282351, 44.9753372281877, 44.9750622281261, 44.9748522280484, 44.9746042279791, 44.9743070945208, 44.9735290943224, 44.9725480941243, 44.9718810940227, 
44.9711750939282),1091.4641,0.1379,0,97.76,0,0,2.24,0,35.44,0,0,3.75,0.74,71,23,-59.36,7.97,1405,8.07,80.92,3.69,15.74,32.92,51.34,42.09,5.94,36.99,0.100877
"17",23810650,"23810650",2.948,1.5543,0.14077555,91759,52370,FALSE,"Austin",c(-122.080130595643, -122.079710595656, -122.079581595671, -122.079451595678, -122.078902595775, -122.078619662528, -122.078070662735, -122.07794066275, -122.077910662827, -122.077681662913, -122.07717066298, -122.07652179664, -122.076262796671, -122.076262796703, -122.07485179691, -122.074332797002, -122.073782797189, -122.073653797283, -122.072890864175, -122.071722864358, -122.071272864405, -122.070563864377, -122.069762864333, -122.069602864358, -122.069472864433, -122.069632997906, -122.069602998202, 
-122.069693998253, -122.069823998492, -122.069792998623, -122.070052998819, -122.070342998927, -122.070441998975, -122.070571065703, 44.9599250221327, 44.9603180221986, 44.9604980222224, 44.9606350222436, 44.9615540223538, 44.9622100224216, 44.9636830225653, 44.963862022589, 44.9642740226169, 44.9648840226765, 44.9656210227722, 44.9677760229667, 44.9681350230144, 44.968295023024, 44.9704420232945, 44.9713120233989, 44.9726860235366, 44.9732620235842, 44.9749930237647, 44.976828090659, 44.9774200907397, 
44.9778350908358, 44.9782440909407, 44.9784950909716, 44.9789720910135, 44.9795480910321, 44.9810590911259, 44.9812420911278, 44.9823410911807, 44.983023091225, 44.9838020912456, 44.9841180912355, 44.9842820912355, 44.984488091235),750.7528,0.1774,0,99.77,0,0,0.23,0,84.89,0,0,3.95,0.71,67.81,9.9,-60.91,14.53,1699.09,8.6,81.28,3.32,21.25,24.68,54.07,52.78,6,21.51,0.047458
"18",23810654,"Sand Creek",2.734,1.4301,0.1714789,97401,53108,FALSE,"Austin",c(-122.105209407019, -122.105011406923, -122.104599406786, -122.104209406674, -122.103820406586, -122.102020406252, -122.100372405858, -122.099403272255, -122.098991272148, -122.098152271926, -122.096344271352, -122.095634271096, -122.095344270995, -122.094833270798, -122.094245203833, -122.093826203714, -122.08935520297, -122.088676202841, -122.087585202606, -122.0854492021, -122.084678201896, -122.082679067854, -122.082000067648, -122.081039067366, -122.080841067281, -122.080810067198, -122.081260067019, 
44.9973780218663, 44.9970500218666, 44.9966880218861, 44.99643202191, 44.9962950219408, 44.9960280221056, 44.9953410222298, 44.9947500222915, 44.9945360223201, 44.994082022377, 44.9926170224705, 44.9918930224984, 44.9916100225105, 44.9910230225266, 44.9899890225236, 44.9897180225493, 44.9894930229845, 44.9893790230457, 44.9890540231357, 44.9881920232982, 44.9877730233505, 44.9857850234316, 44.9852820901362, 44.9846180901927, 44.9843470901963, 44.983958090176, 44.9827030233888),888.4027,0.1677,0,95.22,0,0,4.47,0,45,0,0,3.57,0.75,67.75,15,-7.98,11.25,1355,8.22,76.25,3.44,19.44,27.39,53.17,49.27,5.98,27.55,0.062271
"19",23810656,"Pink Creek",2.438,2.6424,0.13859702,86639,54928,FALSE,"Austin",c(-122.10932927353, -122.108299273219, -122.107330272958, -122.102531271891, -122.101791271697, -122.100372271371, -122.099762204517, -122.099464204402, -122.099182204286, -122.098922204172, -122.098403203968, -122.09817520386, -122.098083203777, -122.098053203495, -122.09814420345, -122.098014069963, -122.097885069907, -122.097534069798, -122.097045069661, -122.096984069593, -122.097145069568, -122.097244069516, -122.097274069348, -122.097145069204, -122.097076068989, -122.096984068883, -122.096756068784, 
-122.09627500197, -122.095626001827, -122.095115001697, -122.094696001551, -122.094436001442, -122.094307001339, -122.094307001202, 44.9933690212126, 44.9926140212707, 44.992064021335, 44.9904700217209, 44.9900770217717, 44.9895540218827, 44.9890960219164, 44.9887530219257, 44.9883910219323, 44.9880210219361, 44.9874030219511, 44.9870400219523, 44.9866970219408, 44.9853050218604, 44.9850070218333, 44.9843390218063, 44.9841600218084, 44.9838850218273, 44.9835840218583, 44.9832870218466, 44.9830350218152, 
44.982695021785, 44.98182902173, 44.9812080217056, 44.980181021651, 44.9797240216326, 44.9794070216366, 44.9790410216627, 44.9788310217153, 44.9785830217517, 44.9781750217693, 44.9778320217746, 44.9774160217625, 44.9767290217215),780.3165,0.1273,0,95.16,0,0,4.67,0,76.7,0,0,4.6,0.77,67.47,15,-33.47,9.24,1355,8,78.56,3.33,21.04,24.99,53.97,52.39,6,27.39,0.057377
"20",23810692,"Butte Creek",3.102,2.6334,0.13591124,92315,52194,FALSE,"Austin",c(-121.990318067935, -121.990417068082, -121.99093606831, -121.991546068842, -121.99173706911, -121.992034069502, -121.992424069779, -121.993103070018, -121.993812070182, -121.994903070502, -121.995292070757, -121.995521071089, -121.995620071193, -121.996460205047, -121.997077205474, -121.997238205859, -121.997596206036, -121.998016206189, -121.998626206379, -121.999214206586, -121.999626206688, -122.000534206963, -122.001136207095, -122.002555207504, -122.003105207692, -122.004074207999, -122.004715208302, 
-122.004943208494, 45.0586494370865, 45.0593054371161, 45.060037437108, 45.0622154371776, 45.0634064372301, 45.0651343039707, 45.0662093039962, 45.0668733039679, 45.0671333039121, 45.0678804371808, 45.0688453038663, 45.0703263039322, 45.0707643039486, 45.0727103039811, 45.0743543040179, 45.0761543041099, 45.0767533041099, 45.0771883040936, 45.0776613040608, 45.0782333040359, 45.0784173040056, 45.0790803039542, 45.0792673039048, 45.0801983038179, 45.0807053037929, 45.0814803037421, 45.0824872370714, 
45.0832692370954),840.1629,0.3678,0,97.47,0,0,0.27,0,43.98,0,32.33,4.91,0.76,75.03,16,-58.06,11.44,1299.96,8.47,79.84,3.41,19.84,26.78,53.37,50.06,5.99,24.99,0.045161
